{"P0120006": 535448.120692234, "P0120048": 940686.2715458276, "P0120049": 665984.3403010966, "P0120036": 539505.678886517, "P0120015": 167892.9149991862, "P0120047": 232436.59109457166, "P0120013": 977329.0667897717, "P0120041": 157949.9092713233, "P0120007": 163973.4223852313, "P0120044": 364385.36064551375, "P0120042": 63172.80657900205, "P0120008": 51384.71228443182, "P0120038": 432719.4029771678, "P0120025": 396876.0315368376, "P0120020": 769829.2459586633, "P0120033": 836751.7254365827, "P0120024": 974144.031061875, "P0120043": 954573.9045892782, "P0120012": 808028.7647582875, "P0120046": 559256.2335357683, "P0120039": 654301.930646932, "P0120029": 76413.49364638377, "P0120035": 507775.3719225945, "P0120040": 72637.94657663815, "P0120045": 171884.89737991602, "P0120023": 299647.35799042106, "P0120034": 904249.8650918051, "P0120004": 938030.1330598493, "P0120037": 100166.73190369942, "P0120027": 549446.6778688923, "P0120021": 839858.4187167498, "P0120019": 991589.8160898094, "P0120005": 605430.7472419775, "P0120031": 296338.6240313385, "P0120016": 964325.2255087477, "P0120030": 680489.0457585588, "P0120003": 522069.236503065, "P0120022": 889560.37315645, "P0120010": 953049.371998118, "P0120017": 275201.2414374088, "P0120014": 821783.5586355007, "P0120032": 188948.30173252744, "P0120026": 109225.02504721409, "P0120009": 958862.1996588197, "P0120028": 316774.5901106158, "P0120011": 987546.3044779102, "P0120018": 368560.33346165944}