{"clustering": [0.08258805122573086, 0.07366376051439565, 0.07389355529124914, 0.07134507774351015, 0.07185295033111272, 0.06652310624230744, 0.07357797076427426, 0.06398360653699321, 0.0675627216767472, 0.0978765146052307, 0.08657481663084021, 0.06528620947409616], "paths": [5.431340355116995, 5.503222646284466, 5.763653971713849, 5.66377572130021, 5.539993820597775, 5.923365993028861, 6.063055774617246, 6.114559595637577, 6.677572430286341, 5.684631540311314, 5.861753431644317, 5.923957709954119]}