{"clustering": [0.1220902773729993, 0.08372629232432835, 0.07602052055858552], "paths": [4.528211650912604, 5.0513377429433275, 5.770146476445391]}