{"test": [465.56173819989726, 486.1005403701094, 484.1934900621088, 493.0992554438184, 510.16998530143303, 550.8037174493714, 595.1548663002237, 643.3211881849168, 649.4156269878488, 698.1179421573029, 1196.1499941354225, 2087.968105988789, 3554.067348485257, 5851.185374303153], "k": [1, 2, 3, 4, 5, 6, 7, 8, 9, 10, 20, 30, 40, 50], "bound": [-4558330.049893379, -4590363.207976639, -4587445.351287484, -4600973.711865902, -4626222.373984635, -4683085.451173246, -4740562.58529681, -4798303.279490054, -4805285.944656491, -4858944.97155261, -5258496.120589495, -5671877.9085918665, -6066460.462880909, -6436466.177051485], "train": [355.30439231462293, 348.11497537823277, 326.77027644327416, 313.9366552117245, 306.9207806355981, 310.24863135415865, 316.5413480770179, 323.05019136434794, 308.5414994980748, 313.911643943245, 322.23291474896035, 344.5620427564894, 366.16051014120524, 389.110622863307]}